CÂU HỎI,Kết quả bỏ vào CSV
,
Đây là phần giới thiệu việc phóng tàu vũ trụ tư nhân. Đoạn clip bắt đầu với hình ảnh 4 phi hành gia mặc áo đen. Một trong những nhiệm vụ dự kiến của tàu vũ trụ là nghiên cứu ánh sáng cực quang ở vùng cực,"L21_V015, 25800"
Mẩu tin giới thiệu về đàn hổ tại một địa phương ở miền Nam vừa có thêm khoảng 3-6 con hổ con. Đây là một giống hổ quý hiếm,"L21_V029, 11352"
"E1: Khoảnh khắc đầu tiên bột được bỏ vào tô măng tây.
E2: Khoảnh khắc đầu tiên thấy miến măng tây đầu tiên tiếp xúc với dầu trong chảo.
E3: Khoảnh khắc miếng măng tây đầu tiên rời khỏi chảo dầu.
E4: Khoảng khắc miếng măng tây cuối cùng rời chảo dầu và nằm hoàn toàn trên dĩa.","L26_V194, 4700, 5125, 5450, 5850"
"Đoạn clip cần tìm là cảnh hai người phụ nữ đang cho dê ăn: một người mặc áo thun trắng quàng áo đỏ trên vai, người kia mặc áo dài tay kẻ sọc tím truyền thống. Cả hai đều mỉm cười, tỏ vẻ thích thú.
Không gian trại rộng rãi, có mái che bằng tôn và hàng rào gỗ chia thành nhiều dãy chuồng, trong đó có hàng dài dê được nuôi nhốt.","L27_V014, 7375"
"Đoạn clip cần tìm là cảnh quay trong một khu rừng, dưới gốc cây to với nhiều lá khô phủ đầy mặt đất. Nổi bật ở cận cảnh là một chú chim có bộ lông đen ánh xanh ở đầu và thân trên, còn cánh và lưng màu nâu đỏ. Đôi mắt chim đỏ rực, tạo điểm nhấn rõ ràng. Đây là loài chim thường thấy ở vùng Nam Bộ Việt Nam.","L29_V023, 24961"
Đoạn video về một lễ hội ẩm thực Nhật Bản lớn nhất thế giới. Hãy tìm chính xác phân cảnh một cô bé đeo một con bạch tuộc / con mực màu đỏ phía trước ngực. Trên tay cô bé có cầm một chiếc túi giấy.,"L22_V030, 18375"
"Đoạn clip là cảnh thu hoạch dứa ở miền Tây: một bà cụ ngồi bên giỏ dứa trò chuyện với cô gái mặc áo hồng quàng khăn rằn; xung quanh chất đầy dứa, phía sau có người phụ nữ đội nón lá cầm trái dứa và một chiếc ghe xanh đậu cạnh bờ, tạo không khí nông thôn mộc mạc, yên bình.","L27_V013, 5325"
"Tìm chính xác đoạn clip ngắn có ba người (hai phụ nữ và một nam giới) đang ngồi cạnh nhau, tập trung chơi nhạc cụ kim loại có dạng tròn, rỗng, với các vết lõm để tạo ra âm thanh khi gõ tay. Có 1 người mặc áo trắng ngồi giữa 2 người mặc áo đen. Bối cảnh phía sau là một kệ sách nhiều ngăn, xếp đầy sách với nhiều màu sắc","L30_V017, 3000"
"Trong đoạn clip có là một chàng trai đội mũ lưỡi trai đen, mặc áo thun trắng có dòng chữ tiếng Anh, đang ngồi cạnh một chiếc hộp. Trên hộp, anh sắp xếp nhiều mảnh bìa cắt rời với hình thù ngẫu nhiên.
Nhờ ánh sáng chiếu từ một phía, các mảnh bìa đó đổ bóng lên tường, tạo thành hình chân dung một người đàn ông với khuôn mặt rõ nét, tóc vuốt gọn và mặc vest.","L30_V057, 3105"
"Đoạn video mô tả cảnh trang trí bánh rán. Phân cảnh bắt đầu là một chiếc đĩa sứ màu trắng nằm trên một khay gỗ hình chữ nhật. Bên cạnh chiếc đĩa sứ là một chén đựng một vài trái dâu, nhưng có 2 trái bị rơi ra ngoài. Ngoài ra, bên cạnh đĩa sứ còn có một chén sứ nhỏ màu trắng đựng chuối đã được cắt sẵn và một cái thìa nhỏ màu nâu. Phân cảnh tiếp theo cho thấy đầu bếp đặt 2 chiếc bánh rán lên đĩa sứ và bắt đầu trang trí. Bước đầu tiên là việc rưới chocolate lên trên mặt bánh. Sau đó, đầu bếp đặt các lát chuối lên trên một chiếc bánh rán, chiếc còn lại được đặt các lát dâu tây lên.","L26_V200, 4530"
"Đoạn video mô tả một người ngồi vệ sinh máy ảnh. Công đoạn này bắt đầu bằng việc tháo rời máy ảnh. Tiếp theo, chiếc ống kính đã được tháo rời và được đặt ngay ngắn trên một chiếc khăn màu tím hồng. Phân cảnh cuối cùng là vệ sinh ống kính (lens) bằng một chiếc tăm bông.","L30_V095, 3379"
"Đoạn clip bắt đầu với cảnh một tác phẩm điêu khắc cát hoành tráng tại Lễ hội điêu khắc trên cát. Tác phẩm mô tả cảnh những thanh niên chơi thể thao đường phố: một người trượt patin, hai người trượt ván
Nền phía sau là họa tiết vòm cong lớn và có khắc chữ.
Tiếp theo có cảnh nhiều tác phẩm khác bằng cát, và có 2 cột khói màu hồng","L21_V027, 26940"
Đoạn video về một chương trình từ thiện của một câu lạc bộ tên là FANA. Trong đoạn video có thể thấy câu lạc bộ này đang đi trao quà tại một xã thuộc tỉnh Khánh Hòa. Hỏi xã này có tên là gì? (tại thời điểm đó),"L30_V072, 1790"
"Đoạn video múa lân một con lân màu vàng đen trắng, tìm các sự kiện sau:
E1: Lân quay vòng trên cột số 4 bằng 2 chân trước rồi tiếp đất. Khoảnh khắc đầu tiên mà lân bắt đầu xoay vòng.
E2: Khoảnh khắc 4 chân hoàn toàn chạm đất đầu tiên.
E3: Khoảnh khắc đầu tiên 2 người biểu diễn lân cuối chào ban giám khảo.
E4: Sau đó lân tiến lại chào một con rồng. Khoảnh khắc đầu tiên con rồng cử động đầu.","L24_V033, 15930, 15990, 16350, 16890"
"Đoạn video trong buổi trao quà từ thiện diễn ra tại 1 bệnh viện trong dịp Xuân 2024. Trong cảnh có hai người đàn ông (mặc áo sơ mi hồng và sơ mi trắng) đứng hai bên, đại diện ban tổ chức. Ở giữa là bốn em nhỏ và thiếu niên, trong đó có em mặc áo đỏ, em mặc áo trắng, em mặc váy hồng và em mặc áo xanh. Các em được trao bảng tượng trưng với nội dung “Chương trình: Trao kinh phí hỗ trợ cho trẻ em mồ côi do dịch COVID-19”. Trước mặt mỗi em là túi quà lớn mang logo y tế. Phía sau là phông nền màu đỏ với khẩu hiệu đón xuân và thông tin sự kiện.","L30_V092, 2508"
"Trong đoạn video nấu ăn một món ăn về nấm, gồm các khoảnh khắc sơ chế:
E1: Khoảnh khắc đầu tiên thấy cắt nấm.
E2: Khoảnh khắc đầu tiên cắt củ năng.
E2: Khoảnh khắc đầu tiên cắt đậu hủ.
E4: Khoảnh khắc chảo đặt lên bếp, đầu bếp mở lửa và thấy lửa bắt đầu xuất hiện","L26_V072, 2475, 3125, 3425, 3775"
Trong đoạn video có 2 câu thơ của một nhà thơ ca ngợi anh hùng Nguyễn Trung Trực trong đình thần Nguyễn Trung Trực tại Kiên Giang. Hai câu thơ đó là gì?,"L27_V010, 5534"
"Trên đĩa tròn màu trắng có 1 ly panna cotta. Có một bàn tay lần lượt đặt thêm 2 ly panna cotta nữa vào đĩa.
Mỗi ly panna cotta có lớp kem mịn màu trắng ngà, bên trên trang trí vài lát nho đỏ, thêm lá bạc hà xanh tạo điểm nhấn tươi mát.
Bên cạnh trên đĩa còn có hai bông hoa ăn được (màu đỏ và vàng) để tăng phần đẹp mắt.","L26_V004, 5523"
Đoạn video vể nghiên cứu tại 1 Đại học ở thành phố Lausanne về việc nghiên cứu cơ chế bay của bọ để chế tạo robot,"L21_V004, 21750"
Đoạn video về một người phụ nữ dạy nấu ăn cho những người khác. Trong đoạn video có thể thấy một người đang cầm công thức món ăn với nguyên liệu chính là 200g thịt nạc xay. Hỏi tiêu đề của công thức nấu ăn (tên món ăn) này là gì?,"L30_V078, 1850"
Đoạn clip về 1 thị trấn ven biển thu hút du khách hiếu kỳ nhờ 1 loài động vật biển nguy hiểm. Loài động vật này nổi tiếng trong 1 bộ phim của đạo diễn Steven Spielberg được sản xuất vào năm 1975,"L22_V022, 16890"
"Đoạn video về tường thuật một cuộc đua xe đạp. Tìm phân cảnh với góc quay trực diện từ trên cao xuống dõi theo các tay đua. Trong khung hình gồm có 3 tay đua đang đạp thành một đường thẳng. Cả 3 tay đua đều đến từ cùng một đội, với đồng phục áo trắng quần vàng xanh. Tay đua đầu tiên đội nón trắng, tay đua thứ hai đội nón đỏ và tay đua cuối cùng đội nón đen.","L23_V007, 3375"
"Tìm một đoạn video đua xe đạp, góc quay từ flycam trên cao, một vận động viên mặc áo xanh dương, trắng đang vượt ba vận động viên khác và lên vị trí dẫn đầu. Biết sau đó vận động viên này dẫn đầu suốt đoạn đường còn lại đến đích.","L023_V017, 1150"