dataset_level,sample_path
<not_detected>,logs/pipeline=kaggle_ingest/run_id=20260701T114411Z_ebe016fc/ingest.log
<not_detected>,logs/pipeline=kaggle_ingest/run_id=20260701T114411Z_ebe016fc/metrics.csv
<not_detected>,logs/pipeline=kaggle_ingest/run_id=20260702T134541Z_b6d0cb2f/ingest.log
<not_detected>,logs/pipeline=kaggle_ingest/run_id=20260702T134541Z_b6d0cb2f/metrics.csv
<not_detected>,logs/pipeline=kaggle_ingest/run_id=20260702T141333Z_80c68882/ingest.log
<not_detected>,logs/pipeline=kaggle_ingest/run_id=20260702T141333Z_80c68882/metrics.csv
<not_detected>,logs/pipeline=kaggle_ingest/run_id=20260702T142821Z_938002a0/ingest.log
<not_detected>,logs/pipeline=kaggle_ingest/run_id=20260702T142821Z_938002a0/metrics.csv
<not_detected>,logs/pipeline=kaggle_ingest/run_id=20260702T144306Z_36d77b92/ingest.log
<not_detected>,logs/pipeline=kaggle_ingest/run_id=20260702T144306Z_36d77b92/metrics.csv
<not_detected>,logs/pipeline=kaggle_ingest/run_id=20260702T145752Z_289afff3/ingest.log
<not_detected>,logs/pipeline=kaggle_ingest/run_id=20260702T145752Z_289afff3/metrics.csv
<not_detected>,logs/pipeline=kaggle_ingest/run_id=20260702T151354Z_b1475415/ingest.log
<not_detected>,logs/pipeline=kaggle_ingest/run_id=20260702T151354Z_b1475415/metrics.csv
<not_detected>,logs/pipeline=kaggle_ingest/run_id=20260707T023233Z_257cc35d/ingest.log
<not_detected>,logs/pipeline=kaggle_ingest/run_id=20260707T023233Z_257cc35d/metrics.csv
<not_detected>,logs/pipeline=kaggle_ingest/run_id=20260707T100137Z_c3caedb8/ingest.log
<not_detected>,logs/pipeline=kaggle_ingest/run_id=20260707T100137Z_c3caedb8/metrics.csv
<not_detected>,logs/pipeline=kaggle_ingest/run_id=20260707T100546Z_5c261ae3/ingest.log
<not_detected>,logs/pipeline=kaggle_ingest/run_id=20260707T100546Z_5c261ae3/metrics.csv
<not_detected>,logs/pipeline=kaggle_ingest/run_id=20260707T102455Z_b92f8031/ingest.log
<not_detected>,logs/pipeline=kaggle_ingest/run_id=20260707T102455Z_b92f8031/metrics.csv
<not_detected>,logs/pipeline=kaggle_ingest/run_id=20260707T104254Z_3ee11a1c/ingest.log
<not_detected>,logs/pipeline=kaggle_ingest/run_id=20260707T104254Z_3ee11a1c/metrics.csv
<not_detected>,logs/pipeline=kaggle_ingest/run_id=20260707T105953Z_0de2cb82/ingest.log
<not_detected>,logs/pipeline=kaggle_ingest/run_id=20260707T105953Z_0de2cb82/metrics.csv
<not_detected>,logs/pipeline=kaggle_ingest/run_id=20260707T132640Z_6e747af8/ingest.log
<not_detected>,logs/pipeline=kaggle_ingest/run_id=20260707T132640Z_6e747af8/metrics.csv
<not_detected>,manifests/pipeline=kaggle_ingest/run_id=20260701T114411Z_ebe016fc/errors.jsonl
<not_detected>,manifests/pipeline=kaggle_ingest/run_id=20260701T114411Z_ebe016fc/manifest.jsonl
L21,features/extractors/dataset=ai_challenge_2025/batch=L21/frame_profile=autoshot_v1/extractor=captioning/extractor_version=fe-captioning-v2.2/model=qwen3_vl_4b/data/_SUCCESS
L21,features/extractors/dataset=ai_challenge_2025/batch=L21/frame_profile=autoshot_v1/extractor=captioning/extractor_version=fe-captioning-v2.2/model=qwen3_vl_4b/data/annotations.jsonl
L21,features/extractors/dataset=ai_challenge_2025/batch=L21/frame_profile=autoshot_v1/extractor=captioning/extractor_version=fe-captioning-v2.2/model=qwen3_vl_4b/data/manifest.json
L21,features/extractors/dataset=ai_challenge_2025/batch=L21/frame_profile=autoshot_v1/extractor=captioning/extractor_version=fe-captioning-v2.2/model=qwen3_vl_4b/latest.json
L21,features/extractors/dataset=ai_challenge_2025/batch=L21/frame_profile=autoshot_v1/extractor=captioning/extractor_version=fe-captioning-v2.2/model=qwen3_vl_4b/runs/run_id=demo_20260802T100336Z_40a35619/_SUCCESS
L21,features/extractors/dataset=ai_challenge_2025/batch=L21/frame_profile=autoshot_v1/extractor=captioning/extractor_version=fe-captioning-v2.2/model=qwen3_vl_4b/runs/run_id=demo_20260802T100336Z_40a35619/annotations.jsonl
L21,features/extractors/dataset=ai_challenge_2025/batch=L21/frame_profile=autoshot_v1/extractor=captioning/extractor_version=fe-captioning-v2.2/model=qwen3_vl_4b/runs/run_id=demo_20260802T100336Z_40a35619/config.json
L21,features/extractors/dataset=ai_challenge_2025/batch=L21/frame_profile=autoshot_v1/extractor=captioning/extractor_version=fe-captioning-v2.2/model=qwen3_vl_4b/runs/run_id=demo_20260802T100336Z_40a35619/metrics.csv
L21,features/extractors/dataset=ai_challenge_2025/batch=L21/frame_profile=autoshot_v1/extractor=captioning/extractor_version=fe-captioning-v2.2/model=qwen3_vl_4b/runs/run_id=demo_20260802T100336Z_40a35619/run.log
L21,features/extractors/dataset=ai_challenge_2025/batch=L21/frame_profile=autoshot_v1/extractor=captioning/extractor_version=fe-captioning-v2.2/model=qwen3_vl_4b/runs/run_id=demo_20260802T100336Z_40a35619/summary.json
L21,features/extractors/dataset=ai_challenge_2025/batch=L21/frame_profile=autoshot_v1/extractor=captioning/extractor_version=fe-captioning-v2.2/model=qwen3_vl_4b/runs/run_id=full_l21_20260802T100817Z_8ca1432a/_SUCCESS
L21,features/extractors/dataset=ai_challenge_2025/batch=L21/frame_profile=autoshot_v1/extractor=captioning/extractor_version=fe-captioning-v2.2/model=qwen3_vl_4b/runs/run_id=full_l21_20260802T100817Z_8ca1432a/annotations.jsonl
L21,features/extractors/dataset=ai_challenge_2025/batch=L21/frame_profile=autoshot_v1/extractor=captioning/extractor_version=fe-captioning-v2.2/model=qwen3_vl_4b/runs/run_id=full_l21_20260802T100817Z_8ca1432a/config.json
L21,features/extractors/dataset=ai_challenge_2025/batch=L21/frame_profile=autoshot_v1/extractor=captioning/extractor_version=fe-captioning-v2.2/model=qwen3_vl_4b/runs/run_id=full_l21_20260802T100817Z_8ca1432a/metrics.csv
L21,features/extractors/dataset=ai_challenge_2025/batch=L21/frame_profile=autoshot_v1/extractor=captioning/extractor_version=fe-captioning-v2.2/model=qwen3_vl_4b/runs/run_id=full_l21_20260802T100817Z_8ca1432a/run.log
L21,features/extractors/dataset=ai_challenge_2025/batch=L21/frame_profile=autoshot_v1/extractor=captioning/extractor_version=fe-captioning-v2.2/model=qwen3_vl_4b/runs/run_id=full_l21_20260802T100817Z_8ca1432a/summary.json
L21,features/extractors/dataset=ai_challenge_2025/batch=L21/frame_profile=autoshot_v1/extractor=object_detection/extractor_version=fe-object-detection-v1/run_id=demo_20260719T044453Z_449323fa/_SUCCESS
L21,features/extractors/dataset=ai_challenge_2025/batch=L21/frame_profile=autoshot_v1/extractor=object_detection/extractor_version=fe-object-detection-v1/run_id=demo_20260719T044453Z_449323fa/annotations.jsonl
L21,features/extractors/dataset=ai_challenge_2025/batch=L21/frame_profile=autoshot_v1/extractor=object_detection/extractor_version=fe-object-detection-v1/run_id=demo_20260719T044453Z_449323fa/metrics.csv
L21,features/extractors/dataset=ai_challenge_2025/batch=L21/frame_profile=autoshot_v1/extractor=object_detection/extractor_version=fe-object-detection-v1/run_id=demo_20260719T044453Z_449323fa/run.log
L21,features/extractors/dataset=ai_challenge_2025/batch=L21/frame_profile=autoshot_v1/extractor=object_detection/extractor_version=fe-object-detection-v1/run_id=demo_20260719T044453Z_449323fa/summary.json
L21,features/extractors/dataset=ai_challenge_2025/batch=L21/frame_profile=autoshot_v1/extractor=object_detection/extractor_version=fe-object-detection-v1/run_id=demo_20260719T044553Z_47280a6f/run.log
L21,features/extractors/dataset=ai_challenge_2025/batch=L21/frame_profile=autoshot_v1/extractor=object_detection/extractor_version=fe-object-detection-v1/run_id=demo_20260719T044553Z_47280a6f/summary.json
L21,features/extractors/dataset=ai_challenge_2025/batch=L21/frame_profile=autoshot_v1/extractor=object_detection/extractor_version=fe-object-detection-v1/run_id=demo_20260810T052145Z_51233ecd/errors.jsonl
L21,features/extractors/dataset=ai_challenge_2025/batch=L21/frame_profile=autoshot_v1/extractor=object_detection/extractor_version=fe-object-detection-v1/run_id=demo_20260810T052145Z_51233ecd/metrics.csv
L21,features/extractors/dataset=ai_challenge_2025/batch=L21/frame_profile=autoshot_v1/extractor=object_detection/extractor_version=fe-object-detection-v1/run_id=demo_20260810T052145Z_51233ecd/run.log
L21,features/extractors/dataset=ai_challenge_2025/batch=L21/frame_profile=autoshot_v1/extractor=object_detection/extractor_version=fe-object-detection-v1/run_id=demo_20260810T052145Z_51233ecd/summary.json
L21,features/extractors/dataset=ai_challenge_2025/batch=L21/frame_profile=autoshot_v1/extractor=object_detection/extractor_version=fe-object-detection-v1/run_id=demo_20260810T052708Z_1ee5365b/_SUCCESS
L21,features/extractors/dataset=ai_challenge_2025/batch=L21/frame_profile=autoshot_v1/extractor=object_detection/extractor_version=fe-object-detection-v1/run_id=demo_20260810T052708Z_1ee5365b/annotations.jsonl
L21,features/extractors/dataset=ai_challenge_2025/batch=L21/frame_profile=autoshot_v1/extractor=object_detection/extractor_version=fe-object-detection-v1/run_id=demo_20260810T052708Z_1ee5365b/metrics.csv
L22,features/extractors/dataset=ai_challenge_2025/batch=L22/frame_profile=autoshot_v1/extractor=object_detection/extractor_version=fe-object-detection-v1/run_id=full_l22_20260719T051248Z_981c8b97/_SUCCESS
L22,features/extractors/dataset=ai_challenge_2025/batch=L22/frame_profile=autoshot_v1/extractor=object_detection/extractor_version=fe-object-detection-v1/run_id=full_l22_20260719T051248Z_981c8b97/annotations.jsonl
L22,features/extractors/dataset=ai_challenge_2025/batch=L22/frame_profile=autoshot_v1/extractor=object_detection/extractor_version=fe-object-detection-v1/run_id=full_l22_20260719T051248Z_981c8b97/metrics.csv
L22,features/extractors/dataset=ai_challenge_2025/batch=L22/frame_profile=autoshot_v1/extractor=object_detection/extractor_version=fe-object-detection-v1/run_id=full_l22_20260719T051248Z_981c8b97/run.log
L22,features/extractors/dataset=ai_challenge_2025/batch=L22/frame_profile=autoshot_v1/extractor=object_detection/extractor_version=fe-object-detection-v1/run_id=full_l22_20260719T051248Z_981c8b97/summary.json
L22,features/extractors/dataset=ai_challenge_2025/batch=L22/frame_profile=autoshot_v1/extractor=object_detection/extractor_version=fe-object-detection-v1/run_id=full_l22_20260810T054419Z_d57adf8c/_SUCCESS
L22,features/extractors/dataset=ai_challenge_2025/batch=L22/frame_profile=autoshot_v1/extractor=object_detection/extractor_version=fe-object-detection-v1/run_id=full_l22_20260810T054419Z_d57adf8c/annotations.jsonl
L22,features/extractors/dataset=ai_challenge_2025/batch=L22/frame_profile=autoshot_v1/extractor=object_detection/extractor_version=fe-object-detection-v1/run_id=full_l22_20260810T054419Z_d57adf8c/metrics.csv
L22,features/extractors/dataset=ai_challenge_2025/batch=L22/frame_profile=autoshot_v1/extractor=object_detection/extractor_version=fe-object-detection-v1/run_id=full_l22_20260810T054419Z_d57adf8c/run.log
L22,features/extractors/dataset=ai_challenge_2025/batch=L22/frame_profile=autoshot_v1/extractor=object_detection/extractor_version=fe-object-detection-v1/run_id=full_l22_20260810T054419Z_d57adf8c/summary.json
L22,features/extractors/dataset=ai_challenge_2025/batch=L22/frame_profile=autoshot_v1/extractor=ocr/extractor_version=fe-ocr-v1/run_id=full_l22_20260719T070117Z_461af57d/_SUCCESS
L22,features/extractors/dataset=ai_challenge_2025/batch=L22/frame_profile=autoshot_v1/extractor=ocr/extractor_version=fe-ocr-v1/run_id=full_l22_20260719T070117Z_461af57d/annotations.jsonl
L22,features/extractors/dataset=ai_challenge_2025/batch=L22/frame_profile=autoshot_v1/extractor=ocr/extractor_version=fe-ocr-v1/run_id=full_l22_20260719T070117Z_461af57d/metrics.csv
L22,features/extractors/dataset=ai_challenge_2025/batch=L22/frame_profile=autoshot_v1/extractor=ocr/extractor_version=fe-ocr-v1/run_id=full_l22_20260719T070117Z_461af57d/run.log
L22,features/extractors/dataset=ai_challenge_2025/batch=L22/frame_profile=autoshot_v1/extractor=ocr/extractor_version=fe-ocr-v1/run_id=full_l22_20260719T070117Z_461af57d/summary.json
L22,processed/keyframes/dataset=ai_challenge_2025/batch=L22/profile=autoshot_v1/video_id=L22_V001/frames_manifest.jsonl
L22,processed/keyframes/dataset=ai_challenge_2025/batch=L22/profile=autoshot_v1/video_id=L22_V001/shot_0000_first_f000000.jpg
L22,processed/keyframes/dataset=ai_challenge_2025/batch=L22/profile=autoshot_v1/video_id=L22_V001/shot_0000_last_f000047.jpg
L22,processed/keyframes/dataset=ai_challenge_2025/batch=L22/profile=autoshot_v1/video_id=L22_V001/shot_0000_middle_f000023.jpg
L22,processed/keyframes/dataset=ai_challenge_2025/batch=L22/profile=autoshot_v1/video_id=L22_V001/shot_0001_first_f000050.jpg
L22,processed/keyframes/dataset=ai_challenge_2025/batch=L22/profile=autoshot_v1/video_id=L22_V001/shot_0001_last_f000337.jpg
L22,processed/keyframes/dataset=ai_challenge_2025/batch=L22/profile=autoshot_v1/video_id=L22_V001/shot_0001_middle_f000193.jpg
L22,processed/keyframes/dataset=ai_challenge_2025/batch=L22/profile=autoshot_v1/video_id=L22_V001/shot_0002_first_f000338.jpg
L22,processed/keyframes/dataset=ai_challenge_2025/batch=L22/profile=autoshot_v1/video_id=L22_V001/shot_0002_last_f000406.jpg
L22,processed/keyframes/dataset=ai_challenge_2025/batch=L22/profile=autoshot_v1/video_id=L22_V001/shot_0002_middle_f000372.jpg
L22,processed/keyframes/dataset=ai_challenge_2025/batch=L22/profile=autoshot_v1/video_id=L22_V001/shot_0003_first_f000407.jpg
L22,processed/keyframes/dataset=ai_challenge_2025/batch=L22/profile=autoshot_v1/video_id=L22_V001/shot_0003_last_f000423.jpg
L22,processed/keyframes/dataset=ai_challenge_2025/batch=L22/profile=autoshot_v1/video_id=L22_V001/shot_0003_middle_f000415.jpg
L22,processed/keyframes/dataset=ai_challenge_2025/batch=L22/profile=autoshot_v1/video_id=L22_V001/shot_0004_first_f000424.jpg
L22,processed/keyframes/dataset=ai_challenge_2025/batch=L22/profile=autoshot_v1/video_id=L22_V001/shot_0004_last_f000461.jpg
L23,features/extractors/dataset=ai_challenge_2025/batch=L23/frame_profile=autoshot_v1/extractor=object_detection/extractor_version=fe-object-detection-v1/run_id=full_l23_20260719T060811Z_59b21bba/_SUCCESS
L23,features/extractors/dataset=ai_challenge_2025/batch=L23/frame_profile=autoshot_v1/extractor=object_detection/extractor_version=fe-object-detection-v1/run_id=full_l23_20260719T060811Z_59b21bba/annotations.jsonl
L23,features/extractors/dataset=ai_challenge_2025/batch=L23/frame_profile=autoshot_v1/extractor=object_detection/extractor_version=fe-object-detection-v1/run_id=full_l23_20260719T060811Z_59b21bba/metrics.csv
L23,features/extractors/dataset=ai_challenge_2025/batch=L23/frame_profile=autoshot_v1/extractor=object_detection/extractor_version=fe-object-detection-v1/run_id=full_l23_20260719T060811Z_59b21bba/run.log
L23,features/extractors/dataset=ai_challenge_2025/batch=L23/frame_profile=autoshot_v1/extractor=object_detection/extractor_version=fe-object-detection-v1/run_id=full_l23_20260719T060811Z_59b21bba/summary.json
L23,features/extractors/dataset=ai_challenge_2025/batch=L23/frame_profile=autoshot_v1/extractor=object_detection/extractor_version=fe-object-detection-v1/run_id=full_l23_20260810T065438Z_1d935849/_SUCCESS
L23,features/extractors/dataset=ai_challenge_2025/batch=L23/frame_profile=autoshot_v1/extractor=object_detection/extractor_version=fe-object-detection-v1/run_id=full_l23_20260810T065438Z_1d935849/annotations.jsonl
L23,features/extractors/dataset=ai_challenge_2025/batch=L23/frame_profile=autoshot_v1/extractor=object_detection/extractor_version=fe-object-detection-v1/run_id=full_l23_20260810T065438Z_1d935849/metrics.csv
L23,features/extractors/dataset=ai_challenge_2025/batch=L23/frame_profile=autoshot_v1/extractor=object_detection/extractor_version=fe-object-detection-v1/run_id=full_l23_20260810T065438Z_1d935849/run.log
L23,features/extractors/dataset=ai_challenge_2025/batch=L23/frame_profile=autoshot_v1/extractor=object_detection/extractor_version=fe-object-detection-v1/run_id=full_l23_20260810T065438Z_1d935849/summary.json
L23,features/extractors/dataset=ai_challenge_2025/batch=L23/frame_profile=autoshot_v1/extractor=ocr/extractor_version=fe-ocr-v1/run_id=full_l23_20260719T112341Z_37475422/_SUCCESS
L23,features/extractors/dataset=ai_challenge_2025/batch=L23/frame_profile=autoshot_v1/extractor=ocr/extractor_version=fe-ocr-v1/run_id=full_l23_20260719T112341Z_37475422/annotations.jsonl
L23,features/extractors/dataset=ai_challenge_2025/batch=L23/frame_profile=autoshot_v1/extractor=ocr/extractor_version=fe-ocr-v1/run_id=full_l23_20260719T112341Z_37475422/metrics.csv
L23,features/extractors/dataset=ai_challenge_2025/batch=L23/frame_profile=autoshot_v1/extractor=ocr/extractor_version=fe-ocr-v1/run_id=full_l23_20260719T112341Z_37475422/run.log
L23,features/extractors/dataset=ai_challenge_2025/batch=L23/frame_profile=autoshot_v1/extractor=ocr/extractor_version=fe-ocr-v1/run_id=full_l23_20260719T112341Z_37475422/summary.json
L23,processed/keyframes/dataset=ai_challenge_2025/batch=L23/profile=autoshot_v1/video_id=L23_V001/frames_manifest.jsonl
L23,processed/keyframes/dataset=ai_challenge_2025/batch=L23/profile=autoshot_v1/video_id=L23_V001/shot_0000_first_f000000.jpg
L23,processed/keyframes/dataset=ai_challenge_2025/batch=L23/profile=autoshot_v1/video_id=L23_V001/shot_0000_last_f000086.jpg
L23,processed/keyframes/dataset=ai_challenge_2025/batch=L23/profile=autoshot_v1/video_id=L23_V001/shot_0000_middle_f000043.jpg
L23,processed/keyframes/dataset=ai_challenge_2025/batch=L23/profile=autoshot_v1/video_id=L23_V001/shot_0001_first_f000087.jpg
L23,processed/keyframes/dataset=ai_challenge_2025/batch=L23/profile=autoshot_v1/video_id=L23_V001/shot_0001_last_f000148.jpg
L23,processed/keyframes/dataset=ai_challenge_2025/batch=L23/profile=autoshot_v1/video_id=L23_V001/shot_0001_middle_f000117.jpg
L23,processed/keyframes/dataset=ai_challenge_2025/batch=L23/profile=autoshot_v1/video_id=L23_V001/shot_0002_first_f000149.jpg
L23,processed/keyframes/dataset=ai_challenge_2025/batch=L23/profile=autoshot_v1/video_id=L23_V001/shot_0002_last_f000221.jpg
L23,processed/keyframes/dataset=ai_challenge_2025/batch=L23/profile=autoshot_v1/video_id=L23_V001/shot_0002_middle_f000185.jpg
L23,processed/keyframes/dataset=ai_challenge_2025/batch=L23/profile=autoshot_v1/video_id=L23_V001/shot_0003_first_f000222.jpg
L23,processed/keyframes/dataset=ai_challenge_2025/batch=L23/profile=autoshot_v1/video_id=L23_V001/shot_0003_last_f000300.jpg
L23,processed/keyframes/dataset=ai_challenge_2025/batch=L23/profile=autoshot_v1/video_id=L23_V001/shot_0003_middle_f000261.jpg
L23,processed/keyframes/dataset=ai_challenge_2025/batch=L23/profile=autoshot_v1/video_id=L23_V001/shot_0004_first_f000301.jpg
L23,processed/keyframes/dataset=ai_challenge_2025/batch=L23/profile=autoshot_v1/video_id=L23_V001/shot_0004_last_f000700.jpg
L24,features/extractors/dataset=ai_challenge_2025/batch=L24/frame_profile=autoshot_v1/extractor=object_detection/extractor_version=fe-object-detection-v1/run_id=full_l24_20260719T061303Z_0c0b15ea/_SUCCESS
L24,features/extractors/dataset=ai_challenge_2025/batch=L24/frame_profile=autoshot_v1/extractor=object_detection/extractor_version=fe-object-detection-v1/run_id=full_l24_20260719T061303Z_0c0b15ea/annotations.jsonl
L24,features/extractors/dataset=ai_challenge_2025/batch=L24/frame_profile=autoshot_v1/extractor=object_detection/extractor_version=fe-object-detection-v1/run_id=full_l24_20260719T061303Z_0c0b15ea/metrics.csv
L24,features/extractors/dataset=ai_challenge_2025/batch=L24/frame_profile=autoshot_v1/extractor=object_detection/extractor_version=fe-object-detection-v1/run_id=full_l24_20260719T061303Z_0c0b15ea/run.log
L24,features/extractors/dataset=ai_challenge_2025/batch=L24/frame_profile=autoshot_v1/extractor=object_detection/extractor_version=fe-object-detection-v1/run_id=full_l24_20260719T061303Z_0c0b15ea/summary.json
L24,features/extractors/dataset=ai_challenge_2025/batch=L24/frame_profile=autoshot_v1/extractor=object_detection/extractor_version=fe-object-detection-v1/run_id=full_l24_20260810T070755Z_e96b8259/_SUCCESS
L24,features/extractors/dataset=ai_challenge_2025/batch=L24/frame_profile=autoshot_v1/extractor=object_detection/extractor_version=fe-object-detection-v1/run_id=full_l24_20260810T070755Z_e96b8259/annotations.jsonl
L24,features/extractors/dataset=ai_challenge_2025/batch=L24/frame_profile=autoshot_v1/extractor=object_detection/extractor_version=fe-object-detection-v1/run_id=full_l24_20260810T070755Z_e96b8259/metrics.csv
L24,features/extractors/dataset=ai_challenge_2025/batch=L24/frame_profile=autoshot_v1/extractor=object_detection/extractor_version=fe-object-detection-v1/run_id=full_l24_20260810T070755Z_e96b8259/run.log
L24,features/extractors/dataset=ai_challenge_2025/batch=L24/frame_profile=autoshot_v1/extractor=object_detection/extractor_version=fe-object-detection-v1/run_id=full_l24_20260810T070755Z_e96b8259/summary.json
L24,features/extractors/dataset=ai_challenge_2025/batch=L24/frame_profile=autoshot_v1/extractor=ocr/extractor_version=fe-ocr-v1/run_id=full_l24_20260719T114104Z_d5e4879e/_SUCCESS
L24,features/extractors/dataset=ai_challenge_2025/batch=L24/frame_profile=autoshot_v1/extractor=ocr/extractor_version=fe-ocr-v1/run_id=full_l24_20260719T114104Z_d5e4879e/annotations.jsonl
L24,features/extractors/dataset=ai_challenge_2025/batch=L24/frame_profile=autoshot_v1/extractor=ocr/extractor_version=fe-ocr-v1/run_id=full_l24_20260719T114104Z_d5e4879e/metrics.csv
L24,features/extractors/dataset=ai_challenge_2025/batch=L24/frame_profile=autoshot_v1/extractor=ocr/extractor_version=fe-ocr-v1/run_id=full_l24_20260719T114104Z_d5e4879e/run.log
L24,features/extractors/dataset=ai_challenge_2025/batch=L24/frame_profile=autoshot_v1/extractor=ocr/extractor_version=fe-ocr-v1/run_id=full_l24_20260719T114104Z_d5e4879e/summary.json
L24,processed/keyframes/dataset=ai_challenge_2025/batch=L24/profile=autoshot_v1/video_id=L24_V002/frames_manifest.jsonl
L24,processed/keyframes/dataset=ai_challenge_2025/batch=L24/profile=autoshot_v1/video_id=L24_V002/shot_0000_first_f000000.jpg
L24,processed/keyframes/dataset=ai_challenge_2025/batch=L24/profile=autoshot_v1/video_id=L24_V002/shot_0000_last_f000039.jpg
L24,processed/keyframes/dataset=ai_challenge_2025/batch=L24/profile=autoshot_v1/video_id=L24_V002/shot_0000_middle_f000019.jpg
L24,processed/keyframes/dataset=ai_challenge_2025/batch=L24/profile=autoshot_v1/video_id=L24_V002/shot_0001_first_f000040.jpg
L24,processed/keyframes/dataset=ai_challenge_2025/batch=L24/profile=autoshot_v1/video_id=L24_V002/shot_0001_last_f000123.jpg
L24,processed/keyframes/dataset=ai_challenge_2025/batch=L24/profile=autoshot_v1/video_id=L24_V002/shot_0001_middle_f000081.jpg
L24,processed/keyframes/dataset=ai_challenge_2025/batch=L24/profile=autoshot_v1/video_id=L24_V002/shot_0002_first_f000124.jpg
L24,processed/keyframes/dataset=ai_challenge_2025/batch=L24/profile=autoshot_v1/video_id=L24_V002/shot_0002_last_f000327.jpg
L24,processed/keyframes/dataset=ai_challenge_2025/batch=L24/profile=autoshot_v1/video_id=L24_V002/shot_0002_middle_f000225.jpg
L24,processed/keyframes/dataset=ai_challenge_2025/batch=L24/profile=autoshot_v1/video_id=L24_V002/shot_0003_first_f000328.jpg
L24,processed/keyframes/dataset=ai_challenge_2025/batch=L24/profile=autoshot_v1/video_id=L24_V002/shot_0003_last_f000477.jpg
L24,processed/keyframes/dataset=ai_challenge_2025/batch=L24/profile=autoshot_v1/video_id=L24_V002/shot_0003_middle_f000402.jpg
L24,processed/keyframes/dataset=ai_challenge_2025/batch=L24/profile=autoshot_v1/video_id=L24_V002/shot_0004_first_f000478.jpg
L24,processed/keyframes/dataset=ai_challenge_2025/batch=L24/profile=autoshot_v1/video_id=L24_V002/shot_0004_last_f000877.jpg
L25,features/extractors/dataset=ai_challenge_2025/batch=L25/frame_profile=autoshot_v1/extractor=object_detection/extractor_version=fe-object-detection-v1/run_id=full_l25_20260810T090337Z_a8a255f0/_SUCCESS
L25,features/extractors/dataset=ai_challenge_2025/batch=L25/frame_profile=autoshot_v1/extractor=object_detection/extractor_version=fe-object-detection-v1/run_id=full_l25_20260810T090337Z_a8a255f0/annotations.jsonl
L25,features/extractors/dataset=ai_challenge_2025/batch=L25/frame_profile=autoshot_v1/extractor=object_detection/extractor_version=fe-object-detection-v1/run_id=full_l25_20260810T090337Z_a8a255f0/metrics.csv
L25,features/extractors/dataset=ai_challenge_2025/batch=L25/frame_profile=autoshot_v1/extractor=object_detection/extractor_version=fe-object-detection-v1/run_id=full_l25_20260810T090337Z_a8a255f0/run.log
L25,features/extractors/dataset=ai_challenge_2025/batch=L25/frame_profile=autoshot_v1/extractor=object_detection/extractor_version=fe-object-detection-v1/run_id=full_l25_20260810T090337Z_a8a255f0/summary.json
L25,processed/keyframes/dataset=ai_challenge_2025/batch=L25/profile=autoshot_v1/video_id=L25_V001/frames_manifest.jsonl
L25,processed/keyframes/dataset=ai_challenge_2025/batch=L25/profile=autoshot_v1/video_id=L25_V001/shot_0000_first_f000000.jpg
L25,processed/keyframes/dataset=ai_challenge_2025/batch=L25/profile=autoshot_v1/video_id=L25_V001/shot_0000_last_f000067.jpg
L25,processed/keyframes/dataset=ai_challenge_2025/batch=L25/profile=autoshot_v1/video_id=L25_V001/shot_0000_middle_f000033.jpg
L25,processed/keyframes/dataset=ai_challenge_2025/batch=L25/profile=autoshot_v1/video_id=L25_V001/shot_0001_first_f000068.jpg
L25,processed/keyframes/dataset=ai_challenge_2025/batch=L25/profile=autoshot_v1/video_id=L25_V001/shot_0001_last_f000643.jpg
L25,processed/keyframes/dataset=ai_challenge_2025/batch=L25/profile=autoshot_v1/video_id=L25_V001/shot_0001_middle_f000355.jpg
L25,processed/keyframes/dataset=ai_challenge_2025/batch=L25/profile=autoshot_v1/video_id=L25_V001/shot_0002_first_f000644.jpg
L25,processed/keyframes/dataset=ai_challenge_2025/batch=L25/profile=autoshot_v1/video_id=L25_V001/shot_0002_last_f001576.jpg
L25,processed/keyframes/dataset=ai_challenge_2025/batch=L25/profile=autoshot_v1/video_id=L25_V001/shot_0002_middle_f001110.jpg
L25,processed/keyframes/dataset=ai_challenge_2025/batch=L25/profile=autoshot_v1/video_id=L25_V001/shot_0003_first_f001577.jpg
L25,processed/keyframes/dataset=ai_challenge_2025/batch=L25/profile=autoshot_v1/video_id=L25_V001/shot_0003_last_f001592.jpg
L25,processed/keyframes/dataset=ai_challenge_2025/batch=L25/profile=autoshot_v1/video_id=L25_V001/shot_0003_middle_f001584.jpg
L25,processed/keyframes/dataset=ai_challenge_2025/batch=L25/profile=autoshot_v1/video_id=L25_V001/shot_0004_first_f001593.jpg
L25,processed/keyframes/dataset=ai_challenge_2025/batch=L25/profile=autoshot_v1/video_id=L25_V001/shot_0004_last_f001663.jpg
L25,processed/keyframes/dataset=ai_challenge_2025/batch=L25/profile=autoshot_v1/video_id=L25_V001/shot_0004_middle_f001628.jpg
L25,processed/keyframes/dataset=ai_challenge_2025/batch=L25/profile=autoshot_v1/video_id=L25_V001/shot_0005_first_f001664.jpg
L25,processed/keyframes/dataset=ai_challenge_2025/batch=L25/profile=autoshot_v1/video_id=L25_V001/shot_0005_last_f001732.jpg
L25,processed/keyframes/dataset=ai_challenge_2025/batch=L25/profile=autoshot_v1/video_id=L25_V001/shot_0005_middle_f001698.jpg
L25,processed/keyframes/dataset=ai_challenge_2025/batch=L25/profile=autoshot_v1/video_id=L25_V001/shot_0006_first_f001733.jpg
L25,processed/keyframes/dataset=ai_challenge_2025/batch=L25/profile=autoshot_v1/video_id=L25_V001/shot_0006_last_f001857.jpg
L25,processed/keyframes/dataset=ai_challenge_2025/batch=L25/profile=autoshot_v1/video_id=L25_V001/shot_0006_middle_f001795.jpg
L25,processed/keyframes/dataset=ai_challenge_2025/batch=L25/profile=autoshot_v1/video_id=L25_V001/shot_0007_first_f001858.jpg
L25,processed/keyframes/dataset=ai_challenge_2025/batch=L25/profile=autoshot_v1/video_id=L25_V001/shot_0007_last_f001896.jpg
L25,processed/keyframes/dataset=ai_challenge_2025/batch=L25/profile=autoshot_v1/video_id=L25_V001/shot_0007_middle_f001877.jpg
L26,features/extractors/dataset=ai_challenge_2025/batch=L26/frame_profile=autoshot_v1/extractor=object_detection/extractor_version=fe-object-detection-v1/run_id=full_l26_part1_20260811T021121Z_292768bc/_SUCCESS
L26,features/extractors/dataset=ai_challenge_2025/batch=L26/frame_profile=autoshot_v1/extractor=object_detection/extractor_version=fe-object-detection-v1/run_id=full_l26_part1_20260811T021121Z_292768bc/annotations.jsonl
L26,features/extractors/dataset=ai_challenge_2025/batch=L26/frame_profile=autoshot_v1/extractor=object_detection/extractor_version=fe-object-detection-v1/run_id=full_l26_part1_20260811T021121Z_292768bc/metrics.csv
L26,features/extractors/dataset=ai_challenge_2025/batch=L26/frame_profile=autoshot_v1/extractor=object_detection/extractor_version=fe-object-detection-v1/run_id=full_l26_part1_20260811T021121Z_292768bc/run.log
L26,features/extractors/dataset=ai_challenge_2025/batch=L26/frame_profile=autoshot_v1/extractor=object_detection/extractor_version=fe-object-detection-v1/run_id=full_l26_part1_20260811T021121Z_292768bc/summary.json
L26,features/extractors/dataset=ai_challenge_2025/batch=L26/frame_profile=autoshot_v1/extractor=object_detection/extractor_version=fe-object-detection-v1/run_id=full_l26_part2_20260811T025301Z_507c2dbf/_SUCCESS
L26,features/extractors/dataset=ai_challenge_2025/batch=L26/frame_profile=autoshot_v1/extractor=object_detection/extractor_version=fe-object-detection-v1/run_id=full_l26_part2_20260811T025301Z_507c2dbf/annotations.jsonl
L26,features/extractors/dataset=ai_challenge_2025/batch=L26/frame_profile=autoshot_v1/extractor=object_detection/extractor_version=fe-object-detection-v1/run_id=full_l26_part2_20260811T025301Z_507c2dbf/metrics.csv
L26,features/extractors/dataset=ai_challenge_2025/batch=L26/frame_profile=autoshot_v1/extractor=object_detection/extractor_version=fe-object-detection-v1/run_id=full_l26_part2_20260811T025301Z_507c2dbf/run.log
L26,features/extractors/dataset=ai_challenge_2025/batch=L26/frame_profile=autoshot_v1/extractor=object_detection/extractor_version=fe-object-detection-v1/run_id=full_l26_part2_20260811T025301Z_507c2dbf/summary.json
L26,processed/keyframes/dataset=ai_challenge_2025/batch=L26/profile=autoshot_v1/video_id=L26_V001/frames_manifest.jsonl
L26,processed/keyframes/dataset=ai_challenge_2025/batch=L26/profile=autoshot_v1/video_id=L26_V001/shot_0000_first_f000000.jpg
L26,processed/keyframes/dataset=ai_challenge_2025/batch=L26/profile=autoshot_v1/video_id=L26_V001/shot_0000_last_f000020.jpg
L26,processed/keyframes/dataset=ai_challenge_2025/batch=L26/profile=autoshot_v1/video_id=L26_V001/shot_0000_middle_f000010.jpg
L26,processed/keyframes/dataset=ai_challenge_2025/batch=L26/profile=autoshot_v1/video_id=L26_V001/shot_0001_first_f000021.jpg
L26,processed/keyframes/dataset=ai_challenge_2025/batch=L26/profile=autoshot_v1/video_id=L26_V001/shot_0001_last_f000032.jpg
L26,processed/keyframes/dataset=ai_challenge_2025/batch=L26/profile=autoshot_v1/video_id=L26_V001/shot_0001_middle_f000026.jpg
L26,processed/keyframes/dataset=ai_challenge_2025/batch=L26/profile=autoshot_v1/video_id=L26_V001/shot_0002_first_f000033.jpg
L26,processed/keyframes/dataset=ai_challenge_2025/batch=L26/profile=autoshot_v1/video_id=L26_V001/shot_0002_last_f000077.jpg
L26,processed/keyframes/dataset=ai_challenge_2025/batch=L26/profile=autoshot_v1/video_id=L26_V001/shot_0002_middle_f000055.jpg
L26,processed/keyframes/dataset=ai_challenge_2025/batch=L26/profile=autoshot_v1/video_id=L26_V001/shot_0003_first_f000078.jpg
L26,processed/keyframes/dataset=ai_challenge_2025/batch=L26/profile=autoshot_v1/video_id=L26_V001/shot_0003_last_f000082.jpg
L26,processed/keyframes/dataset=ai_challenge_2025/batch=L26/profile=autoshot_v1/video_id=L26_V001/shot_0003_middle_f000080.jpg
L26,processed/keyframes/dataset=ai_challenge_2025/batch=L26/profile=autoshot_v1/video_id=L26_V001/shot_0004_first_f000083.jpg
L26,processed/keyframes/dataset=ai_challenge_2025/batch=L26/profile=autoshot_v1/video_id=L26_V001/shot_0004_last_f000100.jpg
L26,processed/keyframes/dataset=ai_challenge_2025/batch=L26/profile=autoshot_v1/video_id=L26_V001/shot_0004_middle_f000091.jpg
L26,processed/keyframes/dataset=ai_challenge_2025/batch=L26/profile=autoshot_v1/video_id=L26_V001/shot_0005_first_f000101.jpg
L26,processed/keyframes/dataset=ai_challenge_2025/batch=L26/profile=autoshot_v1/video_id=L26_V001/shot_0005_last_f000141.jpg
L26,processed/keyframes/dataset=ai_challenge_2025/batch=L26/profile=autoshot_v1/video_id=L26_V001/shot_0005_middle_f000121.jpg
L26,processed/keyframes/dataset=ai_challenge_2025/batch=L26/profile=autoshot_v1/video_id=L26_V001/shot_0006_first_f000144.jpg
L27,features/extractors/dataset=ai_challenge_2025/batch=L27/frame_profile=autoshot_v1/extractor=object_detection/extractor_version=fe-object-detection-v1/run_id=full_l27_20260719T092322Z_e41fbbf6/_SUCCESS
L27,features/extractors/dataset=ai_challenge_2025/batch=L27/frame_profile=autoshot_v1/extractor=object_detection/extractor_version=fe-object-detection-v1/run_id=full_l27_20260719T092322Z_e41fbbf6/annotations.jsonl
L27,features/extractors/dataset=ai_challenge_2025/batch=L27/frame_profile=autoshot_v1/extractor=object_detection/extractor_version=fe-object-detection-v1/run_id=full_l27_20260719T092322Z_e41fbbf6/metrics.csv
L27,features/extractors/dataset=ai_challenge_2025/batch=L27/frame_profile=autoshot_v1/extractor=object_detection/extractor_version=fe-object-detection-v1/run_id=full_l27_20260719T092322Z_e41fbbf6/run.log
L27,features/extractors/dataset=ai_challenge_2025/batch=L27/frame_profile=autoshot_v1/extractor=object_detection/extractor_version=fe-object-detection-v1/run_id=full_l27_20260719T092322Z_e41fbbf6/summary.json
L27,features/extractors/dataset=ai_challenge_2025/batch=L27/frame_profile=autoshot_v1/extractor=object_detection/extractor_version=fe-object-detection-v1/run_id=full_l27_20260810T095142Z_b983203e/_SUCCESS
L27,features/extractors/dataset=ai_challenge_2025/batch=L27/frame_profile=autoshot_v1/extractor=object_detection/extractor_version=fe-object-detection-v1/run_id=full_l27_20260810T095142Z_b983203e/annotations.jsonl
L27,features/extractors/dataset=ai_challenge_2025/batch=L27/frame_profile=autoshot_v1/extractor=object_detection/extractor_version=fe-object-detection-v1/run_id=full_l27_20260810T095142Z_b983203e/metrics.csv
L27,features/extractors/dataset=ai_challenge_2025/batch=L27/frame_profile=autoshot_v1/extractor=object_detection/extractor_version=fe-object-detection-v1/run_id=full_l27_20260810T095142Z_b983203e/run.log
L27,features/extractors/dataset=ai_challenge_2025/batch=L27/frame_profile=autoshot_v1/extractor=object_detection/extractor_version=fe-object-detection-v1/run_id=full_l27_20260810T095142Z_b983203e/summary.json
L27,processed/keyframes/dataset=ai_challenge_2025/batch=L27/profile=autoshot_v1/video_id=L27_V001/frames_manifest.jsonl
L27,processed/keyframes/dataset=ai_challenge_2025/batch=L27/profile=autoshot_v1/video_id=L27_V001/shot_0000_first_f000000.jpg
L27,processed/keyframes/dataset=ai_challenge_2025/batch=L27/profile=autoshot_v1/video_id=L27_V001/shot_0000_last_f000007.jpg
L27,processed/keyframes/dataset=ai_challenge_2025/batch=L27/profile=autoshot_v1/video_id=L27_V001/shot_0000_middle_f000003.jpg
L27,processed/keyframes/dataset=ai_challenge_2025/batch=L27/profile=autoshot_v1/video_id=L27_V001/shot_0001_first_f000008.jpg
L27,processed/keyframes/dataset=ai_challenge_2025/batch=L27/profile=autoshot_v1/video_id=L27_V001/shot_0001_last_f000023.jpg
L27,processed/keyframes/dataset=ai_challenge_2025/batch=L27/profile=autoshot_v1/video_id=L27_V001/shot_0001_middle_f000015.jpg
L27,processed/keyframes/dataset=ai_challenge_2025/batch=L27/profile=autoshot_v1/video_id=L27_V001/shot_0002_first_f000024.jpg
L27,processed/keyframes/dataset=ai_challenge_2025/batch=L27/profile=autoshot_v1/video_id=L27_V001/shot_0002_last_f000030.jpg
L27,processed/keyframes/dataset=ai_challenge_2025/batch=L27/profile=autoshot_v1/video_id=L27_V001/shot_0002_middle_f000027.jpg
L27,processed/keyframes/dataset=ai_challenge_2025/batch=L27/profile=autoshot_v1/video_id=L27_V001/shot_0003_first_f000031.jpg
L27,processed/keyframes/dataset=ai_challenge_2025/batch=L27/profile=autoshot_v1/video_id=L27_V001/shot_0003_last_f000038.jpg
L27,processed/keyframes/dataset=ai_challenge_2025/batch=L27/profile=autoshot_v1/video_id=L27_V001/shot_0003_middle_f000034.jpg
L27,processed/keyframes/dataset=ai_challenge_2025/batch=L27/profile=autoshot_v1/video_id=L27_V001/shot_0004_first_f000039.jpg
L27,processed/keyframes/dataset=ai_challenge_2025/batch=L27/profile=autoshot_v1/video_id=L27_V001/shot_0004_last_f000061.jpg
L27,processed/keyframes/dataset=ai_challenge_2025/batch=L27/profile=autoshot_v1/video_id=L27_V001/shot_0004_middle_f000050.jpg
L27,processed/keyframes/dataset=ai_challenge_2025/batch=L27/profile=autoshot_v1/video_id=L27_V001/shot_0005_first_f000062.jpg
L27,processed/keyframes/dataset=ai_challenge_2025/batch=L27/profile=autoshot_v1/video_id=L27_V001/shot_0005_last_f000069.jpg
L27,processed/keyframes/dataset=ai_challenge_2025/batch=L27/profile=autoshot_v1/video_id=L27_V001/shot_0005_middle_f000065.jpg
L27,processed/keyframes/dataset=ai_challenge_2025/batch=L27/profile=autoshot_v1/video_id=L27_V001/shot_0006_first_f000070.jpg
L28,features/extractors/dataset=ai_challenge_2025/batch=L28/frame_profile=autoshot_v1/extractor=object_detection/extractor_version=fe-object-detection-v1/run_id=full_l28_20260719T093941Z_9a41d89d/_SUCCESS
L28,features/extractors/dataset=ai_challenge_2025/batch=L28/frame_profile=autoshot_v1/extractor=object_detection/extractor_version=fe-object-detection-v1/run_id=full_l28_20260719T093941Z_9a41d89d/annotations.jsonl
L28,features/extractors/dataset=ai_challenge_2025/batch=L28/frame_profile=autoshot_v1/extractor=object_detection/extractor_version=fe-object-detection-v1/run_id=full_l28_20260719T093941Z_9a41d89d/metrics.csv
L28,features/extractors/dataset=ai_challenge_2025/batch=L28/frame_profile=autoshot_v1/extractor=object_detection/extractor_version=fe-object-detection-v1/run_id=full_l28_20260719T093941Z_9a41d89d/run.log
L28,features/extractors/dataset=ai_challenge_2025/batch=L28/frame_profile=autoshot_v1/extractor=object_detection/extractor_version=fe-object-detection-v1/run_id=full_l28_20260719T093941Z_9a41d89d/summary.json
L28,features/extractors/dataset=ai_challenge_2025/batch=L28/frame_profile=autoshot_v1/extractor=object_detection/extractor_version=fe-object-detection-v1/run_id=full_l28_20260810T091240Z_dd7e8175/_SUCCESS
L28,features/extractors/dataset=ai_challenge_2025/batch=L28/frame_profile=autoshot_v1/extractor=object_detection/extractor_version=fe-object-detection-v1/run_id=full_l28_20260810T091240Z_dd7e8175/annotations.jsonl
L28,features/extractors/dataset=ai_challenge_2025/batch=L28/frame_profile=autoshot_v1/extractor=object_detection/extractor_version=fe-object-detection-v1/run_id=full_l28_20260810T091240Z_dd7e8175/metrics.csv
L28,features/extractors/dataset=ai_challenge_2025/batch=L28/frame_profile=autoshot_v1/extractor=object_detection/extractor_version=fe-object-detection-v1/run_id=full_l28_20260810T091240Z_dd7e8175/run.log
L28,features/extractors/dataset=ai_challenge_2025/batch=L28/frame_profile=autoshot_v1/extractor=object_detection/extractor_version=fe-object-detection-v1/run_id=full_l28_20260810T091240Z_dd7e8175/summary.json
L28,processed/keyframes/dataset=ai_challenge_2025/batch=L28/profile=autoshot_v1/video_id=L28_V001/frames_manifest.jsonl
L28,processed/keyframes/dataset=ai_challenge_2025/batch=L28/profile=autoshot_v1/video_id=L28_V001/shot_0000_first_f000000.jpg
L28,processed/keyframes/dataset=ai_challenge_2025/batch=L28/profile=autoshot_v1/video_id=L28_V001/shot_0000_last_f000097.jpg
L28,processed/keyframes/dataset=ai_challenge_2025/batch=L28/profile=autoshot_v1/video_id=L28_V001/shot_0000_middle_f000048.jpg
L28,processed/keyframes/dataset=ai_challenge_2025/batch=L28/profile=autoshot_v1/video_id=L28_V001/shot_0001_first_f000099.jpg
L28,processed/keyframes/dataset=ai_challenge_2025/batch=L28/profile=autoshot_v1/video_id=L28_V001/shot_0001_last_f000217.jpg
L28,processed/keyframes/dataset=ai_challenge_2025/batch=L28/profile=autoshot_v1/video_id=L28_V001/shot_0001_middle_f000158.jpg
L28,processed/keyframes/dataset=ai_challenge_2025/batch=L28/profile=autoshot_v1/video_id=L28_V001/shot_0002_first_f000218.jpg
L28,processed/keyframes/dataset=ai_challenge_2025/batch=L28/profile=autoshot_v1/video_id=L28_V001/shot_0002_last_f000224.jpg
L28,processed/keyframes/dataset=ai_challenge_2025/batch=L28/profile=autoshot_v1/video_id=L28_V001/shot_0002_middle_f000221.jpg
L28,processed/keyframes/dataset=ai_challenge_2025/batch=L28/profile=autoshot_v1/video_id=L28_V001/shot_0003_first_f000225.jpg
L28,processed/keyframes/dataset=ai_challenge_2025/batch=L28/profile=autoshot_v1/video_id=L28_V001/shot_0003_last_f000317.jpg
L28,processed/keyframes/dataset=ai_challenge_2025/batch=L28/profile=autoshot_v1/video_id=L28_V001/shot_0003_middle_f000271.jpg
L28,processed/keyframes/dataset=ai_challenge_2025/batch=L28/profile=autoshot_v1/video_id=L28_V001/shot_0004_first_f000318.jpg
L28,processed/keyframes/dataset=ai_challenge_2025/batch=L28/profile=autoshot_v1/video_id=L28_V001/shot_0004_last_f000324.jpg
L28,processed/keyframes/dataset=ai_challenge_2025/batch=L28/profile=autoshot_v1/video_id=L28_V001/shot_0004_middle_f000321.jpg
L28,processed/keyframes/dataset=ai_challenge_2025/batch=L28/profile=autoshot_v1/video_id=L28_V001/shot_0005_first_f000325.jpg
L28,processed/keyframes/dataset=ai_challenge_2025/batch=L28/profile=autoshot_v1/video_id=L28_V001/shot_0005_last_f000388.jpg
L28,processed/keyframes/dataset=ai_challenge_2025/batch=L28/profile=autoshot_v1/video_id=L28_V001/shot_0005_middle_f000356.jpg
L28,processed/keyframes/dataset=ai_challenge_2025/batch=L28/profile=autoshot_v1/video_id=L28_V001/shot_0006_first_f000390.jpg
L29,features/extractors/dataset=ai_challenge_2025/batch=L29/frame_profile=autoshot_v1/extractor=object_detection/extractor_version=fe-object-detection-v1/run_id=full_l29_20260719T092339Z_d8b51d4e/_SUCCESS
L29,features/extractors/dataset=ai_challenge_2025/batch=L29/frame_profile=autoshot_v1/extractor=object_detection/extractor_version=fe-object-detection-v1/run_id=full_l29_20260719T092339Z_d8b51d4e/annotations.jsonl
L29,features/extractors/dataset=ai_challenge_2025/batch=L29/frame_profile=autoshot_v1/extractor=object_detection/extractor_version=fe-object-detection-v1/run_id=full_l29_20260719T092339Z_d8b51d4e/metrics.csv
L29,features/extractors/dataset=ai_challenge_2025/batch=L29/frame_profile=autoshot_v1/extractor=object_detection/extractor_version=fe-object-detection-v1/run_id=full_l29_20260719T092339Z_d8b51d4e/run.log
L29,features/extractors/dataset=ai_challenge_2025/batch=L29/frame_profile=autoshot_v1/extractor=object_detection/extractor_version=fe-object-detection-v1/run_id=full_l29_20260719T092339Z_d8b51d4e/summary.json
L29,features/extractors/dataset=ai_challenge_2025/batch=L29/frame_profile=autoshot_v1/extractor=object_detection/extractor_version=fe-object-detection-v1/run_id=full_l29_20260810T084356Z_28a4426e/_SUCCESS
L29,features/extractors/dataset=ai_challenge_2025/batch=L29/frame_profile=autoshot_v1/extractor=object_detection/extractor_version=fe-object-detection-v1/run_id=full_l29_20260810T084356Z_28a4426e/annotations.jsonl
L29,features/extractors/dataset=ai_challenge_2025/batch=L29/frame_profile=autoshot_v1/extractor=object_detection/extractor_version=fe-object-detection-v1/run_id=full_l29_20260810T084356Z_28a4426e/metrics.csv
L29,features/extractors/dataset=ai_challenge_2025/batch=L29/frame_profile=autoshot_v1/extractor=object_detection/extractor_version=fe-object-detection-v1/run_id=full_l29_20260810T084356Z_28a4426e/run.log
L29,features/extractors/dataset=ai_challenge_2025/batch=L29/frame_profile=autoshot_v1/extractor=object_detection/extractor_version=fe-object-detection-v1/run_id=full_l29_20260810T084356Z_28a4426e/summary.json
L29,processed/keyframes/dataset=ai_challenge_2025/batch=L29/profile=autoshot_v1/video_id=L29_V001/frames_manifest.jsonl
L29,processed/keyframes/dataset=ai_challenge_2025/batch=L29/profile=autoshot_v1/video_id=L29_V001/shot_0000_first_f000000.jpg
L29,processed/keyframes/dataset=ai_challenge_2025/batch=L29/profile=autoshot_v1/video_id=L29_V001/shot_0000_last_f000074.jpg
L29,processed/keyframes/dataset=ai_challenge_2025/batch=L29/profile=autoshot_v1/video_id=L29_V001/shot_0000_middle_f000037.jpg
L29,processed/keyframes/dataset=ai_challenge_2025/batch=L29/profile=autoshot_v1/video_id=L29_V001/shot_0001_first_f000076.jpg
L29,processed/keyframes/dataset=ai_challenge_2025/batch=L29/profile=autoshot_v1/video_id=L29_V001/shot_0001_last_f000096.jpg
L29,processed/keyframes/dataset=ai_challenge_2025/batch=L29/profile=autoshot_v1/video_id=L29_V001/shot_0001_middle_f000086.jpg
L29,processed/keyframes/dataset=ai_challenge_2025/batch=L29/profile=autoshot_v1/video_id=L29_V001/shot_0002_first_f000097.jpg
L29,processed/keyframes/dataset=ai_challenge_2025/batch=L29/profile=autoshot_v1/video_id=L29_V001/shot_0002_last_f000136.jpg
L29,processed/keyframes/dataset=ai_challenge_2025/batch=L29/profile=autoshot_v1/video_id=L29_V001/shot_0002_middle_f000116.jpg
L29,processed/keyframes/dataset=ai_challenge_2025/batch=L29/profile=autoshot_v1/video_id=L29_V001/shot_0003_first_f000137.jpg
L29,processed/keyframes/dataset=ai_challenge_2025/batch=L29/profile=autoshot_v1/video_id=L29_V001/shot_0003_last_f000570.jpg
L29,processed/keyframes/dataset=ai_challenge_2025/batch=L29/profile=autoshot_v1/video_id=L29_V001/shot_0003_middle_f000353.jpg
L29,processed/keyframes/dataset=ai_challenge_2025/batch=L29/profile=autoshot_v1/video_id=L29_V001/shot_0004_first_f000571.jpg
L29,processed/keyframes/dataset=ai_challenge_2025/batch=L29/profile=autoshot_v1/video_id=L29_V001/shot_0004_last_f000658.jpg
L29,processed/keyframes/dataset=ai_challenge_2025/batch=L29/profile=autoshot_v1/video_id=L29_V001/shot_0004_middle_f000614.jpg
L29,processed/keyframes/dataset=ai_challenge_2025/batch=L29/profile=autoshot_v1/video_id=L29_V001/shot_0005_first_f000659.jpg
L29,processed/keyframes/dataset=ai_challenge_2025/batch=L29/profile=autoshot_v1/video_id=L29_V001/shot_0005_last_f000734.jpg
L29,processed/keyframes/dataset=ai_challenge_2025/batch=L29/profile=autoshot_v1/video_id=L29_V001/shot_0005_middle_f000696.jpg
L29,processed/keyframes/dataset=ai_challenge_2025/batch=L29/profile=autoshot_v1/video_id=L29_V001/shot_0006_first_f000735.jpg
L30,features/extractors/dataset=ai_challenge_2025/batch=L30/frame_profile=autoshot_v1/extractor=object_detection/extractor_version=fe-object-detection-v1/run_id=full_l30_20260719T095029Z_2c83eb5a/_SUCCESS
L30,features/extractors/dataset=ai_challenge_2025/batch=L30/frame_profile=autoshot_v1/extractor=object_detection/extractor_version=fe-object-detection-v1/run_id=full_l30_20260719T095029Z_2c83eb5a/annotations.jsonl
L30,features/extractors/dataset=ai_challenge_2025/batch=L30/frame_profile=autoshot_v1/extractor=object_detection/extractor_version=fe-object-detection-v1/run_id=full_l30_20260719T095029Z_2c83eb5a/metrics.csv
L30,features/extractors/dataset=ai_challenge_2025/batch=L30/frame_profile=autoshot_v1/extractor=object_detection/extractor_version=fe-object-detection-v1/run_id=full_l30_20260719T095029Z_2c83eb5a/run.log
L30,features/extractors/dataset=ai_challenge_2025/batch=L30/frame_profile=autoshot_v1/extractor=object_detection/extractor_version=fe-object-detection-v1/run_id=full_l30_20260719T095029Z_2c83eb5a/summary.json
L30,features/extractors/dataset=ai_challenge_2025/batch=L30/frame_profile=autoshot_v1/extractor=object_detection/extractor_version=fe-object-detection-v1/run_id=full_l30_20260810T081737Z_a779eaf3/_SUCCESS
L30,features/extractors/dataset=ai_challenge_2025/batch=L30/frame_profile=autoshot_v1/extractor=object_detection/extractor_version=fe-object-detection-v1/run_id=full_l30_20260810T081737Z_a779eaf3/annotations.jsonl
L30,features/extractors/dataset=ai_challenge_2025/batch=L30/frame_profile=autoshot_v1/extractor=object_detection/extractor_version=fe-object-detection-v1/run_id=full_l30_20260810T081737Z_a779eaf3/metrics.csv
L30,features/extractors/dataset=ai_challenge_2025/batch=L30/frame_profile=autoshot_v1/extractor=object_detection/extractor_version=fe-object-detection-v1/run_id=full_l30_20260810T081737Z_a779eaf3/run.log
L30,features/extractors/dataset=ai_challenge_2025/batch=L30/frame_profile=autoshot_v1/extractor=object_detection/extractor_version=fe-object-detection-v1/run_id=full_l30_20260810T081737Z_a779eaf3/summary.json
L30,processed/keyframes/dataset=ai_challenge_2025/batch=L30/profile=autoshot_v1/video_id=L30_V001/frames_manifest.jsonl
L30,processed/keyframes/dataset=ai_challenge_2025/batch=L30/profile=autoshot_v1/video_id=L30_V001/shot_0000_first_f000000.jpg
L30,processed/keyframes/dataset=ai_challenge_2025/batch=L30/profile=autoshot_v1/video_id=L30_V001/shot_0000_last_f000074.jpg
L30,processed/keyframes/dataset=ai_challenge_2025/batch=L30/profile=autoshot_v1/video_id=L30_V001/shot_0000_middle_f000037.jpg
L30,processed/keyframes/dataset=ai_challenge_2025/batch=L30/profile=autoshot_v1/video_id=L30_V001/shot_0001_first_f000075.jpg
L30,processed/keyframes/dataset=ai_challenge_2025/batch=L30/profile=autoshot_v1/video_id=L30_V001/shot_0001_last_f000169.jpg
L30,processed/keyframes/dataset=ai_challenge_2025/batch=L30/profile=autoshot_v1/video_id=L30_V001/shot_0001_middle_f000122.jpg
L30,processed/keyframes/dataset=ai_challenge_2025/batch=L30/profile=autoshot_v1/video_id=L30_V001/shot_0002_first_f000170.jpg
L30,processed/keyframes/dataset=ai_challenge_2025/batch=L30/profile=autoshot_v1/video_id=L30_V001/shot_0002_last_f000289.jpg
L30,processed/keyframes/dataset=ai_challenge_2025/batch=L30/profile=autoshot_v1/video_id=L30_V001/shot_0002_middle_f000229.jpg
L30,processed/keyframes/dataset=ai_challenge_2025/batch=L30/profile=autoshot_v1/video_id=L30_V001/shot_0003_first_f000290.jpg
L30,processed/keyframes/dataset=ai_challenge_2025/batch=L30/profile=autoshot_v1/video_id=L30_V001/shot_0003_last_f000330.jpg
L30,processed/keyframes/dataset=ai_challenge_2025/batch=L30/profile=autoshot_v1/video_id=L30_V001/shot_0003_middle_f000310.jpg
L30,processed/keyframes/dataset=ai_challenge_2025/batch=L30/profile=autoshot_v1/video_id=L30_V001/shot_0004_first_f000331.jpg
L30,processed/keyframes/dataset=ai_challenge_2025/batch=L30/profile=autoshot_v1/video_id=L30_V001/shot_0004_last_f000353.jpg
L30,processed/keyframes/dataset=ai_challenge_2025/batch=L30/profile=autoshot_v1/video_id=L30_V001/shot_0004_middle_f000342.jpg
L30,processed/keyframes/dataset=ai_challenge_2025/batch=L30/profile=autoshot_v1/video_id=L30_V001/shot_0005_first_f000354.jpg
L30,processed/keyframes/dataset=ai_challenge_2025/batch=L30/profile=autoshot_v1/video_id=L30_V001/shot_0005_last_f000365.jpg
L30,processed/keyframes/dataset=ai_challenge_2025/batch=L30/profile=autoshot_v1/video_id=L30_V001/shot_0005_middle_f000359.jpg
L30,processed/keyframes/dataset=ai_challenge_2025/batch=L30/profile=autoshot_v1/video_id=L30_V001/shot_0006_first_f000366.jpg
