STT,Tên file (optional),Query,Trạng thái,Đáp án
1,query-p2-1-kis,Nhóm 5 người đang chơi đùa bên cạnh một con vật màu vàng. Một trong số đó đã mang một vật trông như trái bí đỏ đi giấu. Người đàn ông thức dậy không thấy quả bí đỏ đâu nên đánh thức con vật dậy.,Chắn chắn,"L24_V035, 545"
2,query-p2-2-kis,Đoạn clip bắt đầu với cảnh một người đang dùng điện thoại chụp ảnh bức tranh hình tê giác trên tường. Đoạn clip kết thúc với cảnh một người chụp ảnh các hình graffiti 3 chú khỉ trên một cây cầu.,Chắn chắn,"L21_V013        22390
"
3,query-p2-3-kis,"Một chú lân (hay rồng/sư tử?) màu vàng nhảy hay rơi từ trên cao xuống, gần với mô hình chiếc tàu thủy nhỏ màu xanh dương.",Chắn chắn,"L24_V044	589"
4,query-p2-4-kis,"Hai bạn trẻ đang treo băng-rôn lớn có tông màu xanh dương, được trang trí bằng hình ảnh núi, mây và một con đường dẫn tới trường học. Trên băng rôn còn có hình ảnh 02 em bé vùng khó khăn đang mặc áo màu vàng.",Chắn chắn,"L30_V072	715
"
5,query-p2-5-kis,"Một người áo đỏ, đội nón màu trắng, đang lấy nước rưới vào mặt của mình. Khung hình có hai người đi xe đạp, người mặc áo xanh đậm đang đuổi theo người mặc áo đen phối cam.",Chắn chắn,"L21_V022	26074
"
6,query-p2-6-kis,Đoạn video do người đi đường phía sau ghi lại cho thấy 2 thanh niên điều khiển xe máy bất ngờ nằm dài trên yên và phóng với tốc độ cao. Xuất hiện trong khung hình còn có một chiếc ô tô màu xanh cùng một người đi xe máy mặc áo xanh khác. Có 2 vòng tròn màu đỏ xuất hiện để khoanh vùng vị trí 2 thanh niên này.,Chắn chắn,"L22_V024        20698
"
7,query-p2-10-kis,"Một đầu bếp chế biến món ăn trong chảo, với các miếng dồi trường màu trắng và rau xanh. Đầu bếp cho bông hẹ vào chảo đang có dồi trường rồi dùng dụng cụ đảo các nguyên liệu. Các đoạn bông hẹ dài màu xanh được trộn cùng những miếng dồi trường trắng trong chảo. Máy quay chuyển sang cận cảnh chảo khi đầu bếp tiếp tục xào và trộn hai nguyên liệu.",Đang làm,"L26_V120,5820

L26_V120,5225"
8,query-p2-11-kis,"Trong video, người đầu bếp cầm một nguyên liệu dài đã được xiên que và lăn qua hỗn hợp màu xanh lá cây và màu đỏ đã băm nhỏ. Nguyên liệu sau đó được chuyển sang một đĩa chứa bột trắng để phủ bên ngoài. Người đầu bếp cầm que xiên và xoay nguyên liệu qua lại nhiều lần trên lớp bột. Cuối cùng, nguyên liệu đã được phủ kín một lớp bột trắng và đặt riêng sang một chiếc đĩa.",Chắn chắn,L26_V392        3610
9,query-p2-13-kis,"Người đầu bếp đảo đều một hỗn hợp các nguyên liệu trong chảo, nhìn bằng mắt thường có thể thấy một số nguyên liệu như thịt gà, ớt đỏ, ớt xanh, đậu phộng và hành tím. Sau đó cô ấy tắt lửa, cho thêm vỏ chanh và nước cốt chanh vào chảo trước khi trút hỗn hợp thức ăn này ra đĩa.",Chắn chắn,"L26_V422,4258"
10,query-p2-14-kis,"Cận cảnh một nhóm 3 vận động viên đua xe đạp đang di chuyển sát nhau, hai tay đua mặc áo xanh biển đội mũ bảo hiểm đỏ và trắng, bên cạnh có một tay đua mặc áo vàng đang đua cùng. Bên dưới quai mũ của tay đua nón đỏ có một sợi dây màu trắng treo lủng xuống gần cổ.",Chắn chắn,"L23_V010	612
"
11,query-p2-15-kis,"Cảnh phim lần lượt giới thiệu các nguyên liệu của món ăn qua 3 chuyển cảnh: 
- máy quay chéo lên và kết thúc ở nguyên liệu hải sản đầu tiên; 
- quay từ trên xuống cận cảnh nguyên liệu hải sản thứ hai rồi 
- chuyển sang các nguyên liệu nhiều màu sắc; 
cuối cùng là cú máy tĩnh toàn cảnh toàn bộ nguyên liệu.",Cân nhắc,"L26_V188        367
Check 2: L26_V074 722"
12,query-p2-16-kis,"Trong một ngôi nhà nông thôn có cửa sổ lớn, hai người phụ nữ đang làm thủ công trên một bộ ván ngựa, phía sau là một dãy khoảng 10 thớt gỗ được treo thành một hàng ngang.",Chắn chắn,"L29_V014,14034"
13,query-p2-17-kis,"Sân khấu với dòng chữ nổi 3D to, ánh kim phủ kim tuyến có nội dung: “SẮC CỔ ...” đặt ở mép trước sân khấu.",Chắn chắn,"L30_V026	2356
"
14,query-p2-18-kis,"Đoạn phim quay từ phía sau nhóm dẫn đầu, gồm 1 tay đua dẫn trước và 3 tay đua bám phía sau, khi cả nhóm rẽ phải vào đường Hồ Tùng Mậu tại giao lộ có đèn xanh đang đếm ngược đến 13 giây.",Chắn chắn,"L23_V017,2569"
15,query-p2-20-kis,"Clip bài giảng môn Địa lí, có 1 bảng số liệu về mạng lưới đô thị ở Việt Nam. Bảng này thể hiện sự khác nhau về phân bố đô thị giữa các vùng bằng màu sắc: 3 vùng có nhiều đô thị nhất thì con số thể hiện số lượng đô thị được in màu đỏ, còn 2 vùng có ít đô thị nhất thì con số này được in màu xanh. Từ bảng số liệu ta còn có thể thấy rằng vùng có ít đô thị nhất lại là vùng có dân số đô thi cao nhất.",Chắn chắn,"L25_V060, 33299"
16,query-p2-22-kis,"Trong video nấu ăn, một loại nguyên liệu hải sản màu trắng được khứa theo những đường thẳng vuông góc nhau, trên cả 2 bề mặt của nguyên liệu này. Nguyên liệu sau đó được cắt thành từng que và cho vào tô, trước khi được trộn đều với các gia vị gồm rượu, tiêu và hạt nêm.",Chắn chắn,"L26_V470, 2978 -> 3249"
17,query-p2-24-kis,"Đoạn clip ghi lại khoảnh khắc về đích của một chặng đua xe đạp diễn ra tại thành phố thuộc tỉnh Quảng Nam (cũ, trước ngày 01/7/2025). Vận động viên người Estonia mặc áo xanh nước biển dẫn đầu đoàn. Khi chỉ còn cách đích một đoạn ngắn, anh buông cả hai tay khỏi ghi-đông, giang hai tay lên cao ăn mừng chiến thắng trong khi xe vẫn tiến về phía trước. Ngay phía sau anh là một vận động viên mặc áo vàng và một vận động viên mặc áo cam đang lần lượt lao về đích.",Chắn chắn,"L23_V017,4317"
18,query-p2-25-kis,"Cảnh giáo viên nam đeo kính, mặc áo sơ mi kẻ sọc ngắn tay, xuất hiện ở góc dưới bên trái và dùng hai tay làm cử chỉ minh họa khi đang giảng bài. Khung hình chứa một bức ảnh minh họa cô gái trẻ đeo kính, mặc áo sơ mi trắng, ngồi khoanh chân trên ghế sofa màu xám vừa cầm cốc nước vừa nhìn vào laptop mở trên đùi.",Chắn chắn,"L25_V045	15596
"
19,query-p2-26-kis,"Đây là một đoạn trong bài giảng. Trên slide bao gồm: Một nhóm nhân vật người 3D màu trắng vây quanh một nhân vật màu đỏ ở chính giữa. Hai nhân vật hoạt hình nam đang trong tư thế thi đấu kéo co, đối đầu nhau với sợi dây thừng.",Chắn chắn,"L25_V062	13734
"
20,query-p2-7-qa,"Đoạn clip được quay từ bên trong một chiếc xe ô tô tự lái, có thể thấy rõ vô lăng được xoay để chiếc xe rẽ sang phải. Sau đó, góc quay chuyển ra ngoài, bắt trọn cảnh chiếc xe màu trắng rẽ trái, và ở góc trên khung hình có một dưới một biển hiệu đỏ gồm 6 ký tự chữ Hán. Con số được viết trên phần hông xe màu trắng là số mấy?",Chắn chắn,"L21_V009, 21184, ""1204"""
21,query-p2-9-qa,"Trong video hướng dẫn nấu ăn, người đầu bếp lần lượt cho các loại hương liệu gồm tiêu xanh, lá chanh và sả vào bên trong bụng của tổng cộng 4 con cá. Đây là loài cá gì?",Chắn chắn,"L26_V161,2755,""cá sòng"""
22,query-p2-12-qa,"Đoạn video mô tả quá trình làm bánh, bánh được tạo ra có màu tím, nguyên liệu bên trong có giá, cà rốt, và bên trong mỗi bánh đều có 1 hạt sen. Mỗi lần khuôn này làm được bao nhiêu cái bánh?",Chắn chắn,"L26_V192,5173,""7"""
23,query-p2-19-qa,"Đoạn phim ghi lại cảnh mạnh thường quân hỗ trợ một quán trọ dành cho người cao tuổi, sau đó chuyển sang cảnh một cụ ông trò chuyện với nhóm người nước ngoài. Hỏi quán trọ được nhắc đến trong đoạn phim nằm trên đường nào?",Chắn chắn,"L30_V043,3559,""Lý Thường Kiệt""
"
24,query-p2-23-qa,Câu hỏi môn Sinh học nằm ở số thứ tự 11 trong đề thi THPTQG 2022. Trong câu hỏi có một biểu đồ đưa ra sự so sánh tốc độ sinh trưởng của các loài thực vật trong các hệ sinh thái ven biển. Hãy cho biết loài cây (II) đạt được tốc độ sinh trưởng tốt nhất khi môi trường sống có độ mặn là bao nhiêu phần nghìn?,Chắn chắn,"L25_V012,15370,""20"""
25,query-p2-27-qa,"Cảnh quay một chú lân đang biểu diễn từ đầu video, các cột để chú lân biểu diễn được dán những con số. Phía sau có 1 mô hình con rồng uốn lượn hình xoắn ốc. Trong các số từ 16 giây đầu tiên của video, số nào không được nhìn thấy từ góc nhìn của camera trong các số từ 1-8.",Chắn chắn,"L24_V029,462,""2""
L24_V030,467,""2""
L24_V030,481, ""2"""
26,query-p2-28-qa,"Cảnh quay một tô cháo đã được nấu và trang trí hoàn chỉnh (đã xong các giai đoạn trang trí). Kế bên tô cháo có 1 chén nhỏ màu đen, để chứa 1 loại topping màu cam kết cấu hơi giống những sợi nhỏ. Loại topping này trước đó đã được rắc lên tô cháo. Xung quanh topping là các loại rau, hành,... Hỏi topping trong video là thịt của con gì?",Chắn chắn,"L26_V450,1059, ""cá hồi"""
27,query-p2-29-qa,"Cảnh quay liệt kê các nguyên liệu để nấu một món ăn. Ảnh nền bao gồm dĩa thịt, bó lá tươi xanh đặt ở góc bên trái, một gói hạt nêm, hũ thủy tinh nhỏ đựng nước cốt dừa, bột cà ri, nấm mèo (mộc nhĩ) khô đặt phía dưới chén gia vị, sả cây và ớt hiểm đỏ đặt ở góc trái phía dưới. Bảng nguyên liệu hiện lên gồm 9 thành phần cụ thể. Hỏi phần thịt có trọng lượng bao nhiêu trong bảng nguyên liệu (số và đơn vị được ghi trong bảng)?",Chắn chắn,"L26_V439,1507,""300g""
"
28,query-p2-30-qa,"Một cô gái đeo tạp dề màu trắng, bên cạnh là một lọ hoa riềng tía. Sau đó cô gái này đặt lên 1 dĩa trắng 4 con X, được biết X là nguyên liệu cho món ăn trong tập này. Sau đó người này lại cầm lên 2 con X. Sau đó người này đối thoại với một người đối diện để xem hôm nay nấu món gì. Hỏi X là con gì?",Chắn chắn,"L26_V254, 309, ""Nghêu"""
29,query-p2-8-trake,Video về một khu vườn cây ăn trái ở miền Tây Nam Bộ. Đây là chuỗi liên tiếp các cảnh quay về 4 loại trái cây trong vườn. E1: Cảnh đầu tiên có trái sầu riêng. E2: Cảnh đầu tiên có trái măng cụt. E3: Cảnh đầu tiên có trái bưởi. E4: Cảnh đầu tiên có trái dâu bòn bon.,Chắn chắn,"L27_V011,3819,3893,4030,4096"
30,query-p2-21-trake,4 cảnh này xảy ra liên tiếp nhau. Cảnh 1: Hai người phụ nữ cùng nhau dán niêm phong một thùng carton. Cảnh 2: Các thùng mì tôm và bọc bánh mì được sắp xếp ngay ngắn. Cảnh 3: Một người đàn ông nhấc thùng mì tôm lên và xếp lên trên chồng thùng mì. Cảnh 4: Cảnh quay cận cảnh các thùng mì được xếp chồng trên xe tải.,Chắn chắn,"L30_V031,2098,2138,2185,2250"